bHLH,Bhlhb2,TCAAGG20NGAA,CACGTG,14,4
bHLH,MAX,TGACCT20NGA,CACGTG,12,3
bHLH,TCF3,TACCCG20NCCC,CACCTG,12,3
bHLH,TCF4,TGCGAA20NGA,CACCTG,14,3
bHLH,TFAP4,TCACGT20NGCA,CAGCTG,12,4
bHLH,TFE3,TACCGT20NTA,CACGTG,12,3
bHLH,TFEB,TAGTTT20NCG,CACGTG,14,4
bHLH,USF1,TGACGA20NGCA,CACGTG,14,4
bZIP,ATF4,TGGAAT20NGA,TGAYGC,12,3
bZIP,Cebpb,TCCTAA20NATC,TTRCGC,12,3
bZIP,CEBPB,TGGACA20NGA,TTRCGC,12,4
bZIP,CEBPD,TAATGA20NCG,TTRCGC,12,3
bZIP,CEBPE,TGAGGC20NGA,TTRCGC,12,4
bZIP,CEBPG,TAGACG20NTA,TTRCGC,12,3
bZIP,CREB3L1,TGGGTA30NTGT,CACGTG,14,5
bZIP,CREB3,TAGAAC20NCG,TGACGT,12,4
bZIP,Dbp,TAAATG20NCG,TACGTA,12,3
bZIP,DBP,TAACTT20NCG,TACGTA,14,3
bZIP,JDP2,TGTTCA20NGA,TGASTC,10,3
bZIP,Mafb,TCGTTA20NTTT,YGCTGA,12,4
bZIP,MAFK,TGCCTG30NTCC,TGCTGA,12,4
bZIP,NFIL3,TAGACG20NCG,TACRTA,12,3
bZIP,XBP1,TGTTCA20NGA,TGACGT,12,4
C2H2,BCL6B,TGCGGG20NGA,TTTCTAGGAA,10,3
C2H2,Egr1,TGCGCC20NCG,GAGKGGGCGK,14,3
C2H2,GLI2,TAAGTA40NTGA,GACCACNCT,13,3
C2H2,Hic1,TCATCA20NCTA,RTGCCM,10,3
C2H2,HINFP1,TCAAGG20NGAA,NNNSGTCCGC,12,3
C2H2,KLF16,TTGATT20NTA,CCMCGCCC,10,4
C2H2,SNAI2,TCGTTA20NGA,CAGGTG,10,5
C2H2,SP1,TCTATG20NGA,GCCMCGCCCM,12,3
C2H2,SP3,TCGGCC20NGA,GCCMCGCCCM,10,3
C2H2,YY1,TCCGGC20NCG,CCGCCATT,12,4
C2H2,YY2,TGAGCA20NGA,CCGCCATN,12,4
C2H2,ZBTB49,TCTAAT20NGA,TGACNNGC,10,3
C2H2,ZBTB7A,TGAATA20NGA,CGACCACC,10,3
C2H2,ZBTB7B,TAGCCT20NCG,CGACCACC,14,3
C2H2,Zfp740,TCAACC20NCG,NCCCCCCCAC,10,4
C2H2,ZIC1,TCGACT20NCAT,GACCMCCYRMTG,12,3
C2H2,ZIC4,TGAGGC20NGA,GACCCCCYGYTG,14,3
C2H2,ZNF740,TGTGAG20NGA,CCCCCCCAC,9,3
C2H2,ZNF784,TGCGGG20NGA,GTACCTACCT,10,3
CENPB,CENPB,TGCTGT20NGTC,TTCGYNNNANGCGGG,15,3
CP2,GRHL1,TGGACA20NCAT,AACCGGTT,14,4
CUT,CUX1,TAGCAG40NACT,ATCRAT,12,5
CUT,ONECUT1,TAGCTC20NTCT,ATCRAT,14,3
CUT,ONECUT3,TAGAAC20NAAT,ATCRAT,12,3
ETS,ELF1,TGGGTA20NGA,GGAA,10,3
ETS,Elf5,TATTGT20NCG,GGAA,12,4
ETS,ELF5,TGCCGC20NCG,GGAA,14,3
ETS,ELK1,TCGGAA20NAGT,GGAA,14,3
ETS,ELK3,TCGGGG20NGGT,GGAA,14,3
ETS,ELK4,TAGGGC40NGGT,GGAA,12,3
ETS,ERG,TGCAAG20NAAC,GGAW,14,4
ETS,ETS1,TGTAAA20NGA,GGAW,12,3
ETS,ETV1,TCGTTA20NTTT,GGAA,14,4
ETS,ETV4,TCTATG20NTAG,GGAA,14,4
ETS,ETV5,TGCACT20NGA,GGAW,12,3
ETS,ETV6,TGAGTG20NGA,GGAA,12,3
ETS,FEV,TGATCC20NCTA,GGAA,12,3
ETS,FLI1,TCTAAT20NCG,GGAW,14,4
ETS,SPDEF,TCATTG20NCG,GGAT,14,4
forkhead,FOXB1,TCTGGT20NGGG,GTAAAYA,9,3
forkhead,Foxc1,CCCCT14N,RTAAAYA,9,3
forkhead,FOXC1,TGAGGC30NGGA,RTMAAYA,13,3
forkhead,FOXC2,TGAGTG30NTGA,RTAAAYA,13,4
forkhead,FOXD2,TGCTCG20NCTC,RNWAAYR,15,3
forkhead,Foxg1,TATCTG20NTCG,RTAAAYA,9,3
forkhead,FOXI1,TCGGAA20NGA,GTAAACA,9,4
forkhead,FOXJ2,TGACGA20NGA,RTAAACA,13,3
forkhead,FOXJ3,TAGTGG20NGTT,RTAAACA,9,3
forkhead,FOXL1,TGCTCG20NCTC,RTAAAYA,15,3
forkhead,FOXP3,TCAATT20NTAA,RTAAACA,9,3
GATA,GATA3,TCATGC20NCG,GATA,12,3
GCM,GCM1,TGAGCA20NCGA,ATGCGGGT,12,3
GCM,GCM2,TGACTC20NTCA,ATGCGGGT,10,4
homeodomain,Alx1,TAAAGC20NCG,TAAT,10,4
homeodomain,ALX3,TGTAAA20NAAG,TAAT,12,4
homeodomain,Alx4,TGGTAG20NCG,TAAT,10,4
homeodomain,ALX4,TGTGTC20NGA,TAAT,10,4
homeodomain,Arx,TCGCAT20NACT,TAAT,14,3
homeodomain,ARX,TGCGTT20NTGC,TAAT,10,3
homeodomain,Barhl1,TCAGTC20NCG,TAAW,10,4
homeodomain,BARHL2,TATTGT20NGTG,TAAW,10,3
homeodomain,BARX1,TATTCG20NCTG,TAAT,12,3
homeodomain,BSX,TATGAA20NCG,TAAT,10,4
homeodomain,CART1,TGCGCC20NGA,TAAT,10,4
homeodomain,DLX1,TCTTGA20NGA,TAAT,10,3
homeodomain,Dlx1,TGAGAT20NCG,TAAT,10,5
homeodomain,Dlx2,TCGCCA20NCCT,TAAT,10,4
homeodomain,DLX2,TTCATG20NTA,TAAT,10,4
homeodomain,DLX3,TATGTT20NCG,TAAT,10,4
homeodomain,DLX4,TCTTCT20NGA,TAAT,10,4
homeodomain,DLX6,TGCGGG20NGA,TAAT,10,3
homeodomain,DMBX1,TAACCC20NCCA,TAAT,10,3
homeodomain,DPRX,TCGAAG30NAAT,TAAT,10,6
homeodomain,EMX2,TGGTTC30NTTT,TAAT,10,5
homeodomain,EN1,TGACCT20NCCA,TAAT,12,4
homeodomain,En2,TCAGCT20NCG,YAATTAN,9,4
homeodomain,ESX1,TCTTCT20NGA,TAAT,10,4
homeodomain,EVX1,TGGGAC20NAGT,TAAT,10,3
homeodomain,EVX2,TCAAGG20NGAA,TAAT,10,4
homeodomain,GBX1,TAGTCC20NCG,TAAT,10,3
homeodomain,Gbx1,TCGGTT20NCG,TAAT,10,4
homeodomain,Gbx2,TACACC20NCAC,TAAT,10,3
homeodomain,GBX2,TCCCGA20NGCC,TAAT,10,4
homeodomain,GSC,TGGGAC20NGA,TAAT,10,3
homeodomain,GSX2,TCCAAC20NCG,TAAT,10,4
homeodomain,HMX2,TAGTGG20NCG,TAAK,10,3
homeodomain,HOXA10,TAGGAT30NAGT,YAATWAA,9,3
homeodomain,Hoxa2,TACCGT20NCG,TAAT,10,4
homeodomain,HOXA2,TTATTA20NTA,TAAT,12,4
homeodomain,HOXB13,TGCCTG20NGA,TCGTAAA,11,4
homeodomain,HOXB2,TAACAA20NACA,TAAT,10,4
homeodomain,HOXB3,TACATT20NTAC,TAAT,10,4
homeodomain,Hoxc10,TATAGA20NGAG,YAATWAA,9,4
homeodomain,HOXC10,TGGACA20NGA,GTWAAA,10,3
homeodomain,HOXC11,TGCGAA20NGA,YAATWAA,9,3
homeodomain,HOXD12,TCAGTC20NCG,TCGTAAA,9,3
homeodomain,Hoxd13,TGATAA20NATA,TCRTAAA,11,4
homeodomain,Hoxd9,TCCTAA20NCG,GTAAAN,10,3
homeodomain,Irx3,TACTGC20NCG,TCAT,10,3
homeodomain,ISX,TATTTA20NCG,TAAT,10,4
homeodomain,LBX2,TAATTC20NTTA,TAAT,12,4
homeodomain,LHX2,TCCAGT30NGAC,TAAT,10,3
homeodomain,Lhx4,TAAATG20NTAA,TAAT,10,3
homeodomain,LHX6,TCGGGG20NGGT,TAAT,10,3
homeodomain,LHX9,TATTGT20NGTG,TAAT,12,3
homeodomain,LMX1B,TGAGGC20NGGA,TAAT,10,4
homeodomain,MEOX1,TACCTA20NCG,TAAT,10,3
homeodomain,Meox2,TACGTC20NTGC,TAAT,10,3
homeodomain,MEOX2,TAGTTT30NTTT,TAAT,10,4
homeodomain,MIXL1,TGATTT20NTTA,TAAT,10,4
homeodomain,MSX1,TGCGAA30NAGC,TAAT,10,5
homeodomain,NKX2-3,TGGAAT20NGA,ACTTRAN,9,4
homeodomain,NKX3-1,TCCCTC20NCG,TAAG,12,3
homeodomain,Nkx3-1,TCTTAG20NATG,TAAG,10,4
homeodomain,NKX3-2,TCCAGT20NGAC,TAAG,12,4
homeodomain,NKX6-1,TGCGGG30NGGC,TAAT,10,4
homeodomain,NKX6-2,TTACAT20NTA,TAAT,10,4
homeodomain,NOTO,TGCGTT30NTGC,TAAT,10,3
homeodomain,OTX1,TGATAA20NGA,TAAT,10,4
homeodomain,OTX2,TATGGG20NGGG,TAAT,10,3
homeodomain,PDX1,TGGAAT30NAAT,TAAT,10,3
homeodomain,PHOX2A,TGACTC20NGA,TAAT,10,3
homeodomain,PHOX2B,TGGTCT20NGA,TAAT,10,3
homeodomain,PITX1,TGAGCA20NCGA,TAAT,10,4
homeodomain,PITX3,TGCATC20NGA,TAAT,12,3
homeodomain,PROP1,TGTATT20NGA,TAAT,10,3
homeodomain,PRRX1,TAACGG20NGCA,TAAT,10,3
homeodomain,Prrx2,TATGAA20NAGG,TAAT,10,3
homeodomain,PRRX2,TGGGGT20NGA,TAAT,10,4
homeodomain,RAXL1,TACTCA20NTA,TAAT,10,4
homeodomain,Rhox11,TGGCCC20NCG,TWAN,14,4
homeodomain,RHOXF1,TTAGAA20NTA,TRAK,10,3
homeodomain,SHOX2,TACGTC20NTGC,TAAT,10,3
homeodomain,Shox2,TCCCAG20NACC,TAAT,10,3
homeodomain,SHOX,TAAGGT20NGGA,TAAT,10,3
homeodomain,UNCX,TGCAAG20NGA,TAAT,10,3
homeodomain,VAX1,TGCCAT20NACC,TAAT,10,4
homeodomain,VAX2,TGGTAG20NATT,TAAT,10,4
homeodomain,Vsx1,TGCAGA20NCG,TAAT,10,4
homeodomain,VSX1,TGGTTC20NTTT,TAAT,14,3
homeodomain,VSX2,TCTCCC20NCCG,TAAT,14,4
HSF,HSF1,TATAGA20NGAG,TTCTAGAA,14,3
IRF,IRF7,TATCGC20NGCG,RAANCGAAAW,12,3
MAD,SMAD3,TGGGTA20NGA,TAGACA,12,3
MEIS,MEIS1,TGACCT20NGA,TGACAN,10,5
MEIS,Meis2,TCAAAA20NTA,TGACAG,10,5
MEIS,MEIS3,TGGGTA20NGA,TGACAG,12,3
MEIS,Pknox2,TGCTCG20NCG,TGACAG,14,3
MYB,MYBL1,TTGCGT20NTA,CNGTTA,10,4
MYB,MYBL2,TGAGTG20NGA,CCGTTN,12,3
NFAT,NFATC1,TTCGTA20NTGC,TGGAAA,12,4
NFI,NFIA,TACGTC20NTGC,TGCCAA,10,4
NFI,NFIX,TGAGAT20NAGA,TGCCAA,10,4
nuclearreceptor,Ar,TCTAAT20NCG,ACANNNTGT,11,5
nuclearreceptor,AR,TGCTCG20NGA,ACANNNTGT,9,3
nuclearreceptor,ESR1,TAGAGT20NCG,AGGTCA,12,3
nuclearreceptor,Esrra,TAGCTC20NCG,AGGTCA,12,3
nuclearreceptor,HNF4A,TCCGTG40NTGC,AAGTCC,16,3
nuclearreceptor,NR2C2,TCGACT20NCAT,AGGTCA,12,4
nuclearreceptor,Nr2e1,TCGCGC20NGCT,AAGTCA,12,3
nuclearreceptor,NR2F1,TCTGAC20NGA,RGGTCA,10,3
nuclearreceptor,NR2F6,TCTTGA20NGA,AGGTCA,12,3
nuclearreceptor,NR3C1,TGACGA20NGCA,ACANNNTGT,13,3
nuclearreceptor,NR3C2,TCAGAG20NAGA,ACANNNTGT,13,4
nuclearreceptor,RARA,TATAGA20NCG,AGGTCA,12,3
nuclearreceptor,Rara,TCGGTT20NCG,AGGTCA,16,4
nuclearreceptor,Rarb,TCGTGT20NCG,AGGTCA,16,4
nuclearreceptor,RARG,TCGGGG20NGA,RGGTCA,10,3
nuclearreceptor,RORA,TCTGTA30NTGG,AGGTCA,10,3
nuclearreceptor,RXRA,TCTACA40NCAG,RGGTCA,14,3
nuclearreceptor,RXRG,TTCTCT20NTA,RGGTCA,10,3
nuclearreceptor,THRA,TCGGCC40NCGT,AGGTCA,12,3
PAX,PAX2,TCCACG20NCAC,CACGCW,14,4
PAX,PAX7,TCCAAC20NAAC,TAATYR,12,4
POU,POU2F1,TCTTTC20NGA,WAAT,12,4
POU,POU2F2,TGACAG20NGA,WAAT,12,4
POU,POU2F3,TAGACG20NCAT,TATK,16,3
POU,POU3F1,TAGCGA20NGCT,WAAT,16,4
POU,POU3F2,TGTTCA40NCTG,WAAT,10,3
POU,POU3F3,TCGCAT20NACT,TAAW,10,3
POU,POU3F4,TACTGC20NGTC,WAAT,10,4
POU,POU4F3,TACCGT20NGCC,TAAT,14,3
PROX,PROX1,TGCAGA20NGA,AAGAC,9,3
RRM,CPEB1,TAACCC20NCG,ATAAAA,12,3
RUNX,RUNX3,TCTCCC20NGA,AACCRC,10,3
SAND,GMEB2,TCGCGC20NGA,ACGT,10,3
TBX,MGA,TAGGGC20NGGT,AGGTGTGA,12,3
TBX,TBX15,TACGTC40NTGC,AGGTGTGA,10,3
TBX,TBX19,TACTAT40NATC,ANGTGYGA,12,4
TBX,TBX21,TACTGC40NGTC,AGGTGTGA,12,4
TBX,TBX2,TCTATG20NTAG,ANWWNTNA,12,4
TEA,TEAD3,TATAAG40NAAG,CATTCC,12,4
