bHLH_ARNTL_AGTCACGTGACT	-0.183	-0.013	0.194	0.04	-0.033	-0.033	0.04	0.194	-0.013	-0.183
bHLH_Atoh1_AAACATATGTTT	-0.274	-0.205	-0.006	0.134	0.182	0.182	0.134	-0.006	-0.205	-0.274
bHLH_BHLHA15_CACCATATGGTG	0.04	-0.032	-0.246	0.134	0.182	0.182	0.134	-0.246	-0.032	0.04
bHLH_Bhlhb2_AGTCACGTGACT	-0.183	-0.013	0.194	0.04	-0.033	-0.033	0.04	0.194	-0.013	-0.183
bHLH_BHLHB2_CATCACGTGATG	0.134	-0.11	0.194	0.04	-0.033	-0.033	0.04	0.194	-0.11	0.134
bHLH_BHLHB3_AGTCACGTGACT	-0.183	-0.013	0.194	0.04	-0.033	-0.033	0.04	0.194	-0.013	-0.183
bHLH_BHLHE22_AAACATATGTTT	-0.274	-0.205	-0.006	0.134	0.182	0.182	0.134	-0.006	-0.205	-0.274
bHLH_BHLHE23_CACCATATGTTC	0.04	-0.032	-0.246	0.134	0.182	0.182	0.134	-0.006	-0.205	-0.037
bHLH_BHLHE41_AGTCACGTGACT	-0.183	-0.013	0.194	0.04	-0.033	-0.033	0.04	0.194	-0.013	-0.183
bHLH_CLOCK_AAACACGTGTTT	-0.274	-0.205	-0.006	0.04	-0.033	-0.033	0.04	-0.006	-0.205	-0.274
bHLH_FIGLA_CAACACCTGTTC	0.015	-0.205	-0.006	0.04	-0.032	-0.057	0.175	-0.006	-0.205	-0.037
bHLH_HES5_CGGCACGTGCCG	-0.136	0.107	0.076	0.04	-0.033	-0.033	0.04	0.076	0.107	-0.136
bHLH_HES7_CGGCACGTGCCG	-0.136	0.107	0.076	0.04	-0.033	-0.033	0.04	0.076	0.107	-0.136
bHLH_HEY1_CGACACGTGTCG	-0.003	-0.013	-0.006	0.04	-0.033	-0.033	0.04	-0.006	-0.013	-0.003
bHLH_HEY2_AGACACGTGTCA	0.027	-0.013	-0.006	0.04	-0.033	-0.033	0.04	-0.006	-0.013	0.194
bHLH_MAX_AACCACGTGGTT	-0.205	-0.032	-0.246	0.04	-0.033	-0.033	0.04	-0.246	-0.032	-0.205
bHLH_MLX_GATCACGTGATC	-0.11	-0.11	0.194	0.04	-0.033	-0.033	0.04	0.194	-0.11	-0.11
bHLH_Mlx_GATCACGTGATC	-0.11	-0.11	0.194	0.04	-0.033	-0.033	0.04	0.194	-0.11	-0.11
bHLH_MLXIPL_GATCACGTGATC	-0.11	-0.11	0.194	0.04	-0.033	-0.033	0.04	0.194	-0.11	-0.11
bHLH_MNT_AAGCACGTGCTT	-0.081	0.017	0.076	0.04	-0.033	-0.033	0.04	0.076	0.017	-0.081
bHLH_MSC_CAACAGCTGTTG	0.015	-0.205	-0.006	0.175	0.017	0.017	0.175	-0.006	-0.205	0.015
bHLH_MYF6_GAACAGCTGTTC	-0.037	-0.205	-0.006	0.175	0.017	0.017	0.175	-0.006	-0.205	-0.037
bHLH_NEUROD2_CACCATATGGTG	0.04	-0.032	-0.246	0.134	0.182	0.182	0.134	-0.246	-0.032	0.04
bHLH_NEUROG2_TGACATATGTCA	0.194	-0.013	-0.006	0.134	0.182	0.182	0.134	-0.006	-0.013	0.194
bHLH_NHLH1_ACGCAGCTGCGT	-0.033	-0.077	0.076	0.175	0.017	0.017	0.175	0.076	-0.077	-0.033
bHLH_OLIG1_AAACATATGTTT	-0.274	-0.205	-0.006	0.134	0.182	0.182	0.134	-0.006	-0.205	-0.274
bHLH_OLIG2_AAACATATGTTT	-0.274	-0.205	-0.006	0.134	0.182	0.182	0.134	-0.006	-0.205	-0.274
bHLH_OLIG3_AAACATATGTTT	-0.274	-0.205	-0.006	0.134	0.182	0.182	0.134	-0.006	-0.205	-0.274
bHLH_Srebf1_CATCACGTGATG	0.134	-0.11	0.194	0.04	-0.033	-0.033	0.04	0.194	-0.11	0.134
bHLH_SREBF2_AATCACGTGATT	-0.28	-0.11	0.194	0.04	-0.033	-0.033	0.04	0.194	-0.11	-0.28
bHLH_Tcf21_CAACAGCTGTTG	0.015	-0.205	-0.006	0.175	0.017	0.017	0.175	-0.006	-0.205	0.015
bHLH_TCF3_GTGCAGGTGTTC	0.04	0.076	0.076	0.175	-0.057	-0.032	0.04	-0.006	-0.205	-0.037
bHLH_TCF4_ACGCACCTGGCG	-0.033	-0.077	0.076	0.04	-0.032	-0.057	0.175	-0.246	0.107	-0.077
bHLH_TFAP4_AATCAGCTGATT	-0.28	-0.11	0.194	0.175	0.017	0.017	0.175	0.194	-0.11	-0.28
bHLH_TFE3_CATCACGTGATG	0.134	-0.11	0.194	0.04	-0.033	-0.033	0.04	0.194	-0.11	0.134
bHLH_TFEB_CATCACGTGATG	0.134	-0.11	0.194	0.04	-0.033	-0.033	0.04	0.194	-0.11	0.134
bHLH_TFEC_CGTCACGTGACT	-0.033	-0.013	0.194	0.04	-0.033	-0.033	0.04	0.194	-0.013	-0.183
bHLH_USF1_AGTCACGTGACT	-0.183	-0.013	0.194	0.04	-0.033	-0.033	0.04	0.194	-0.013	-0.183
bZIP_Atf4_ATTGCGTCATCC	-0.28	0.015	0.076	-0.077	-0.033	-0.013	0.194	0.134	-0.11	0.013
bZIP_ATF4_ATTGCGTCATCT	-0.28	0.015	0.076	-0.077	-0.033	-0.013	0.194	0.134	-0.11	0.027
bZIP_ATF7_GATGACGTCATC	-0.11	0.134	0.194	-0.013	-0.033	-0.033	-0.013	0.194	0.134	-0.11
bZIP_BATF3_GATGACGTCATC	-0.11	0.134	0.194	-0.013	-0.033	-0.033	-0.013	0.194	0.134	-0.11
bZIP_CEBPB_TATTGCGCAATA	0.182	-0.28	0.015	0.076	-0.077	-0.077	0.076	0.015	-0.28	0.182
bZIP_Cebpb_GATTGCGCAATC	-0.11	-0.28	0.015	0.076	-0.077	-0.077	0.076	0.015	-0.28	-0.11
bZIP_CEBPD_TATTGCGCAATA	0.182	-0.28	0.015	0.076	-0.077	-0.077	0.076	0.015	-0.28	0.182
bZIP_CEBPE_TATTGCGCAATA	0.182	-0.28	0.015	0.076	-0.077	-0.077	0.076	0.015	-0.28	0.182
bZIP_CEBPG_TATTGCGCAATA	0.182	-0.28	0.015	0.076	-0.077	-0.077	0.076	0.015	-0.28	0.182
bZIP_CREB3_ATGACGTGGAGG	0.134	0.194	-0.013	-0.033	-0.033	0.04	-0.246	0.013	0.031	-0.057
bZIP_CREB3L1_TGCCACGTGGCA	0.076	0.107	-0.246	0.04	-0.033	-0.033	0.04	-0.246	0.107	0.076
bZIP_Creb3l2_ATGACGTGGCAT	0.134	0.194	-0.013	-0.033	-0.033	0.04	-0.246	0.107	0.076	0.134
bZIP_Creb5_AATGACGTCATT	-0.28	0.134	0.194	-0.013	-0.033	-0.033	-0.013	0.194	0.134	-0.28
bZIP_Dbp_TATTACGTAATA	0.182	-0.28	0.068	0.025	-0.033	-0.033	0.025	0.068	-0.28	0.182
bZIP_DBP_GATTACGTAATC	-0.11	-0.28	0.068	0.025	-0.033	-0.033	0.025	0.068	-0.28	-0.11
bZIP_HLF_CATTACGTAATG	0.134	-0.28	0.068	0.025	-0.033	-0.033	0.025	0.068	-0.28	0.134
bZIP_Hlf_GATTACGTAATC	-0.11	-0.28	0.068	0.025	-0.033	-0.033	0.025	0.068	-0.28	-0.11
bZIP_JDP2_GATGACGTCATC	-0.11	0.134	0.194	-0.013	-0.033	-0.033	-0.013	0.194	0.134	-0.11
bZIP_Mafb_GCTGAGTCAGCA	0.017	0.175	0.194	0.031	-0.183	-0.013	0.194	0.175	0.017	0.076
bZIP_MAFF_GCTGAGTCAGCA	0.017	0.175	0.194	0.031	-0.183	-0.013	0.194	0.175	0.017	0.076
bZIP_MAFK_GCTGAGTCAGCA	0.017	0.175	0.194	0.031	-0.183	-0.013	0.194	0.175	0.017	0.076
bZIP_NFE2_GATGAGTCATTG	-0.11	0.134	0.194	0.031	-0.183	-0.013	0.194	0.134	-0.28	0.015
bZIP_NFIL3_TATTACGTAATA	0.182	-0.28	0.068	0.025	-0.033	-0.033	0.025	0.068	-0.28	0.182
bZIP_TEF_ACTTACGTAAGT	-0.183	-0.081	0.068	0.025	-0.033	-0.033	0.025	0.068	-0.081	-0.183
bZIP_XBP1_GATGACGTGGCA	-0.11	0.134	0.194	-0.013	-0.033	-0.033	0.04	-0.246	0.107	0.076
C2H2_CTCF_GCCCCCTAGTGG	0.107	-0.012	-0.012	-0.012	-0.057	0.09	0.09	-0.183	0.04	-0.246
C2H2_EGR1_ACGCCCACGCAA	-0.033	-0.077	0.107	-0.012	-0.246	0.04	-0.033	-0.077	0.076	0.015
C2H2_EGR2_ACGCCCACGCAC	-0.033	-0.077	0.107	-0.012	-0.246	0.04	-0.033	-0.077	0.076	0.04
C2H2_Egr3_CGCCCACGCATT	-0.077	0.107	-0.012	-0.246	0.04	-0.033	-0.077	0.076	0.134	-0.28
C2H2_EGR3_ACGCCCACGCAT	-0.033	-0.077	0.107	-0.012	-0.246	0.04	-0.033	-0.077	0.076	0.134
C2H2_EGR4_ACGCCCACGCAA	-0.033	-0.077	0.107	-0.012	-0.246	0.04	-0.033	-0.077	0.076	0.015
C2H2_GLI2_GCGACCACCCAC	-0.077	-0.003	-0.013	-0.032	-0.246	0.04	-0.032	-0.012	-0.246	0.04
C2H2_GLIS1_ACCCCCCACGAC	-0.032	-0.012	-0.012	-0.012	-0.012	-0.246	0.04	-0.033	-0.003	-0.013
C2H2_GLIS2_ACCCCCCGCGAA	-0.032	-0.012	-0.012	-0.012	-0.012	-0.136	-0.077	-0.077	-0.003	-0.037
C2H2_Hic1_CCACCCTATGCC	-0.246	0.04	-0.032	-0.012	-0.057	0.09	0.182	0.134	0.076	0.107
C2H2_HINFP1_CAACGTCCGCGG	0.015	-0.205	-0.033	-0.033	-0.013	0.013	-0.136	-0.077	-0.077	-0.136
C2H2_KLF13_CCACGCCCACTT	-0.246	0.04	-0.033	-0.077	0.107	-0.012	-0.246	0.04	-0.183	-0.081
C2H2_KLF14_ACCACGCCCACT	-0.032	-0.246	0.04	-0.033	-0.077	0.107	-0.012	-0.246	0.04	-0.183
C2H2_KLF16_GCCACGCCCCCT	0.107	-0.246	0.04	-0.033	-0.077	0.107	-0.012	-0.012	-0.012	-0.057
C2H2_MTF1_TTGCACACGGCA	0.015	0.076	0.076	0.04	-0.006	0.04	-0.033	-0.136	0.107	0.076
C2H2_PRDM1_AAAGTGAAAGTG	-0.274	-0.081	-0.183	0.04	0.194	-0.037	-0.274	-0.081	-0.183	0.04
C2H2_PRDM4_TTCAAGGCTCCC	-0.037	0.194	0.015	-0.081	-0.057	0.107	0.017	0.031	0.013	-0.012
C2H2_SCRT1_GCAACAGGTGTT	0.076	0.015	-0.205	-0.006	0.175	-0.057	-0.032	0.04	-0.006	-0.205
C2H2_SCRT2_AGCAACAGGTGG	0.017	0.076	0.015	-0.205	-0.006	0.175	-0.057	-0.032	0.04	-0.246
C2H2_SNAI2_CAACAGGTGCAT	0.015	-0.205	-0.006	0.175	-0.057	-0.032	0.04	0.076	0.076	0.134
C2H2_SP1_ACCACGCCCACC	-0.032	-0.246	0.04	-0.033	-0.077	0.107	-0.012	-0.246	0.04	-0.032
C2H2_SP4_GCCACGCCCACT	0.107	-0.246	0.04	-0.033	-0.077	0.107	-0.012	-0.246	0.04	-0.183
C2H2_SP8_ACCACGCCCACC	-0.032	-0.246	0.04	-0.033	-0.077	0.107	-0.012	-0.246	0.04	-0.032
C2H2_YY1_GCCGCCATTTTG	0.107	-0.136	-0.077	0.107	-0.246	0.134	-0.28	-0.274	-0.274	0.015
C2H2_YY2_ACCGCCATCTTT	-0.032	-0.136	-0.077	0.107	-0.246	0.134	-0.11	0.027	-0.081	-0.274
C2H2_ZBTB7A_CCCGCCCACCCC	-0.012	-0.136	-0.077	0.107	-0.012	-0.246	0.04	-0.032	-0.012	-0.012
C2H2_ZBTB7B_ACGACCACCGAA	-0.033	-0.003	-0.013	-0.032	-0.246	0.04	-0.032	-0.136	-0.003	-0.037
C2H2_Zfp652_TAAAGGGTTAAT	0.068	-0.274	-0.081	-0.057	-0.012	-0.032	-0.205	0.068	0.068	-0.28
C2H2_Zfp740_CACCCCCTAACA	0.04	-0.032	-0.012	-0.012	-0.012	-0.057	0.09	0.068	-0.205	-0.006
C2H2_ZIC1_ACCCCCCGCTGT	-0.032	-0.012	-0.012	-0.012	-0.012	-0.136	-0.077	0.017	0.175	-0.006
C2H2_Zic3_CCCCCCGCTGTG	-0.012	-0.012	-0.012	-0.012	-0.136	-0.077	0.017	0.175	-0.006	0.04
C2H2_ZIC3_CCCCCCGCTGTG	-0.012	-0.012	-0.012	-0.012	-0.136	-0.077	0.017	0.175	-0.006	0.04
C2H2_ZIC4_CCCCCCGCTGTG	-0.012	-0.012	-0.012	-0.012	-0.136	-0.077	0.017	0.175	-0.006	0.04
C2H2_ZNF143_CCCACAATGCAC	-0.012	-0.246	0.04	-0.006	0.015	-0.28	0.134	0.076	0.076	0.04
C2H2_ZNF232_TAAATGTAGATT	0.068	-0.274	-0.28	0.134	-0.006	0.025	0.09	0.027	-0.11	-0.28
C2H2_ZNF238_ATCCAGATGTTT	-0.11	0.013	-0.246	0.175	0.027	-0.11	0.134	-0.006	-0.205	-0.274
C2H2_ZNF282_TCCCATAACACT	0.013	-0.012	-0.246	0.134	0.182	0.068	-0.205	-0.006	0.04	-0.183
C2H2_ZNF306_GGGCTAGCCTCG	-0.012	0.107	0.017	0.09	0.09	0.017	0.107	-0.057	0.031	-0.003
C2H2_ZNF410_ATCCCATAATAT	-0.11	0.013	-0.012	-0.246	0.134	0.182	0.068	-0.28	0.182	0.182
C2H2_ZNF435_GTTAACAGAACA	-0.205	0.068	0.068	-0.205	-0.006	0.175	0.027	-0.037	-0.205	-0.006
C2H2_ZNF713_AAAAAAGACAAG	-0.274	-0.274	-0.274	-0.274	-0.081	0.027	-0.013	-0.006	0.015	-0.081
C2H2_ZNF740_TGCCCCCCCACT	0.076	0.107	-0.012	-0.012	-0.012	-0.012	-0.012	-0.246	0.04	-0.183
C2H2_ZNF75A_ACTTTTCCCACA	-0.183	-0.081	-0.274	-0.274	-0.037	0.013	-0.012	-0.246	0.04	-0.006
C2H2_ZNF784_AGTACCTACCGT	-0.183	0.025	0.025	-0.032	-0.057	0.09	0.025	-0.032	-0.136	-0.033
C2H2_ZSCAN4_CACACACTGAAA	0.04	-0.006	0.04	-0.006	0.04	-0.183	0.175	0.194	-0.037	-0.274
forkhead_FOXB1_CAATATTTACAT	0.015	-0.28	0.182	0.182	-0.28	-0.274	0.068	0.025	-0.006	0.134
forkhead_Foxc1_CAATATTTACTT	0.015	-0.28	0.182	0.182	-0.28	-0.274	0.068	0.025	-0.183	-0.081
forkhead_FOXC1_CAATATTTACTT	0.015	-0.28	0.182	0.182	-0.28	-0.274	0.068	0.025	-0.183	-0.081
forkhead_FOXC2_CAATATTTACAT	0.015	-0.28	0.182	0.182	-0.28	-0.274	0.068	0.025	-0.006	0.134
forkhead_FOXD2_AAATATTTACTT	-0.274	-0.28	0.182	0.182	-0.28	-0.274	0.068	0.025	-0.183	-0.081
forkhead_FOXD3_TAATATTTACTT	0.068	-0.28	0.182	0.182	-0.28	-0.274	0.068	0.025	-0.183	-0.081
forkhead_Foxg1_CAATATTTACAC	0.015	-0.28	0.182	0.182	-0.28	-0.274	0.068	0.025	-0.006	0.04
forkhead_FOXI1_CCCTCTTTATCC	-0.012	-0.057	0.031	0.027	-0.081	-0.274	0.068	0.182	-0.11	0.013
forkhead_FOXJ2_AAATATTTACAT	-0.274	-0.28	0.182	0.182	-0.28	-0.274	0.068	0.025	-0.006	0.134
forkhead_Foxj3_TATTGTTTACTT	0.182	-0.28	0.015	-0.006	-0.205	-0.274	0.068	0.025	-0.183	-0.081
forkhead_FOXJ3_TCCTGTTTTTTC	0.013	-0.057	0.175	-0.006	-0.205	-0.274	-0.274	-0.274	-0.274	-0.037
forkhead_Foxk1_TTGTGGTTAGGG	0.015	-0.006	0.04	-0.246	-0.032	-0.205	0.068	0.09	-0.057	-0.012
forkhead_FOXL1_AAATATTTACAT	-0.274	-0.28	0.182	0.182	-0.28	-0.274	0.068	0.025	-0.006	0.134
forkhead_FOXO1_ACATGTTTACCA	-0.006	0.134	0.134	-0.006	-0.205	-0.274	0.068	0.025	-0.032	-0.246
forkhead_FOXO3_ACATGTTTACGT	-0.006	0.134	0.134	-0.006	-0.205	-0.274	0.068	0.025	-0.033	-0.033
forkhead_FOXO4_ACATGTTTACGT	-0.006	0.134	0.134	-0.006	-0.205	-0.274	0.068	0.025	-0.033	-0.033
forkhead_FOXO6_ACATGTTTACGT	-0.006	0.134	0.134	-0.006	-0.205	-0.274	0.068	0.025	-0.033	-0.033
homeodomain_Alx1_AATCTAATTAGT	-0.28	-0.11	0.027	0.09	0.068	-0.28	-0.28	0.068	0.09	-0.183
homeodomain_ALX3_AAGCTAATTAGC	-0.081	0.017	0.017	0.09	0.068	-0.28	-0.28	0.068	0.09	0.017
homeodomain_Alx4_AACTTAATTAAC	-0.205	-0.183	-0.081	0.068	0.068	-0.28	-0.28	0.068	0.068	-0.205
homeodomain_ALX4_AACTTAATTAGT	-0.205	-0.183	-0.081	0.068	0.068	-0.28	-0.28	0.068	0.09	-0.183
homeodomain_Arx_AACTTAATTAGT	-0.205	-0.183	-0.081	0.068	0.068	-0.28	-0.28	0.068	0.09	-0.183
homeodomain_ARX_AACTTAATTAGT	-0.205	-0.183	-0.081	0.068	0.068	-0.28	-0.28	0.068	0.09	-0.183
homeodomain_Barhl1_ACACTAATTGCT	-0.006	0.04	-0.183	0.09	0.068	-0.28	-0.28	0.015	0.076	0.017
homeodomain_BARHL2_ACGCTAATTGCT	-0.033	-0.077	0.017	0.09	0.068	-0.28	-0.28	0.015	0.076	0.017
homeodomain_BARX1_TATTTAATTGTT	0.182	-0.28	-0.274	0.068	0.068	-0.28	-0.28	0.015	-0.006	-0.205
homeodomain_BSX_ACGATAATCGGT	-0.033	-0.003	-0.11	0.182	0.068	-0.28	-0.11	-0.003	-0.136	-0.032
homeodomain_CART1_AACCTAATTAGT	-0.205	-0.032	-0.057	0.09	0.068	-0.28	-0.28	0.068	0.09	-0.183
homeodomain_CDX1_GCAATAAAACAA	0.076	0.015	-0.28	0.182	0.068	-0.274	-0.274	-0.205	-0.006	0.015
homeodomain_CDX2_GCAATAAAATTT	0.076	0.015	-0.28	0.182	0.068	-0.274	-0.274	-0.28	-0.28	-0.274
homeodomain_DLX1_ATGCTAATGAGG	0.134	0.076	0.017	0.09	0.068	-0.28	0.134	0.194	0.031	-0.057
homeodomain_Dlx1_TACATAATTGCT	0.025	-0.006	0.134	0.182	0.068	-0.28	-0.28	0.015	0.076	0.017
homeodomain_Dlx2_AAGATAATTGCC	-0.081	0.027	-0.11	0.182	0.068	-0.28	-0.28	0.015	0.076	0.107
homeodomain_DLX2_ACGCTAATTGGT	-0.033	-0.077	0.017	0.09	0.068	-0.28	-0.28	0.015	-0.246	-0.032
homeodomain_DLX3_TATTTAATTGGG	0.182	-0.28	-0.274	0.068	0.068	-0.28	-0.28	0.015	-0.246	-0.012
homeodomain_DLX4_AACATAATTGGT	-0.205	-0.006	0.134	0.182	0.068	-0.28	-0.28	0.015	-0.246	-0.032
homeodomain_DLX6_CAATTAATTTTA	0.015	-0.28	-0.28	0.068	0.068	-0.28	-0.28	-0.274	-0.274	0.068
homeodomain_DMBX1_CCCCTAATCCCC	-0.012	-0.012	-0.057	0.09	0.068	-0.28	-0.11	0.013	-0.012	-0.012
homeodomain_DPRX_CGGATAATCCCT	-0.136	0.013	-0.11	0.182	0.068	-0.28	-0.11	0.013	-0.012	-0.057
homeodomain_DRGX_AACTTAATTAGG	-0.205	-0.183	-0.081	0.068	0.068	-0.28	-0.28	0.068	0.09	-0.057
homeodomain_DUXA_AACCTAATCAGT	-0.205	-0.032	-0.057	0.09	0.068	-0.28	-0.11	0.194	0.175	-0.183
homeodomain_EMX1_TAACTAATGAGG	0.068	-0.205	-0.183	0.09	0.068	-0.28	0.134	0.194	0.031	-0.057
homeodomain_EMX2_AGGGTAATTAGC	-0.057	-0.012	-0.032	0.025	0.068	-0.28	-0.28	0.068	0.09	0.017
homeodomain_EN1_ACACTAATTAGT	-0.006	0.04	-0.183	0.09	0.068	-0.28	-0.28	0.068	0.09	-0.183
homeodomain_En2_CGAATAATACGG	-0.003	-0.037	-0.28	0.182	0.068	-0.28	0.182	0.025	-0.033	-0.136
homeodomain_EN2_ACGCTAATTGGG	-0.033	-0.077	0.017	0.09	0.068	-0.28	-0.28	0.015	-0.246	-0.012
homeodomain_ESX1_AACCTAATTAGC	-0.205	-0.032	-0.057	0.09	0.068	-0.28	-0.28	0.068	0.09	0.017
homeodomain_EVX1_GTGATAATCGAT	0.04	0.194	-0.11	0.182	0.068	-0.28	-0.11	-0.003	-0.003	-0.11
homeodomain_EVX2_GTGATAATCACC	0.04	0.194	-0.11	0.182	0.068	-0.28	-0.11	0.194	0.04	-0.032
homeodomain_GBX1_ACGCTAATTGGT	-0.033	-0.077	0.017	0.09	0.068	-0.28	-0.28	0.015	-0.246	-0.032
homeodomain_Gbx1_ACACTAATTGGT	-0.006	0.04	-0.183	0.09	0.068	-0.28	-0.28	0.015	-0.246	-0.032
homeodomain_Gbx2_TCCTTAATTTTT	0.013	-0.057	-0.081	0.068	0.068	-0.28	-0.28	-0.274	-0.274	-0.274
homeodomain_GBX2_ACGCTAATTGGT	-0.033	-0.077	0.017	0.09	0.068	-0.28	-0.28	0.015	-0.246	-0.032
homeodomain_GSC_CACATAATTGTA	0.04	-0.006	0.134	0.182	0.068	-0.28	-0.28	0.015	-0.006	0.025
homeodomain_GSC2_CCCCTAATCCCC	-0.012	-0.012	-0.057	0.09	0.068	-0.28	-0.11	0.013	-0.012	-0.012
homeodomain_GSX2_TTTTTAATTGGT	-0.274	-0.274	-0.274	0.068	0.068	-0.28	-0.28	0.015	-0.246	-0.032
homeodomain_HESX1_CAGTTAATTGCC	0.175	-0.183	-0.205	0.068	0.068	-0.28	-0.28	0.015	0.076	0.107
homeodomain_HMX1_CACTTAATTTTT	0.04	-0.183	-0.081	0.068	0.068	-0.28	-0.28	-0.274	-0.274	-0.274
homeodomain_HMX2_TTCTTAATTGGT	-0.037	0.027	-0.081	0.068	0.068	-0.28	-0.28	0.015	-0.246	-0.032
homeodomain_HMX3_ACGTTAATTGCT	-0.033	-0.033	-0.205	0.068	0.068	-0.28	-0.28	0.015	0.076	0.017
homeodomain_HNF1A_AAGTTAATCATT	-0.081	-0.183	-0.205	0.068	0.068	-0.28	-0.11	0.194	0.134	-0.28
homeodomain_HNF1B_AAGTTAATCATT	-0.081	-0.183	-0.205	0.068	0.068	-0.28	-0.11	0.194	0.134	-0.28
homeodomain_HOXA1_GTGATAATCACC	0.04	0.194	-0.11	0.182	0.068	-0.28	-0.11	0.194	0.04	-0.032
homeodomain_HOXA10_GGTCGTAAAAGT	-0.032	-0.013	-0.003	-0.033	0.025	0.068	-0.274	-0.274	-0.081	-0.183
homeodomain_Hoxa11_CCCATAAAACTT	-0.012	-0.246	0.134	0.182	0.068	-0.274	-0.274	-0.205	-0.183	-0.081
homeodomain_HOXA13_CCTCATAAAAAC	-0.057	0.031	0.194	0.134	0.182	0.068	-0.274	-0.274	-0.274	-0.205
homeodomain_Hoxa2_AAAGTAATTAGT	-0.274	-0.081	-0.183	0.025	0.068	-0.28	-0.28	0.068	0.09	-0.183
homeodomain_HOXA2_ACACTAATGGGG	-0.006	0.04	-0.183	0.09	0.068	-0.28	0.134	-0.246	-0.012	-0.012
homeodomain_HOXB13_CCAATAAAAACT	-0.246	0.015	-0.28	0.182	0.068	-0.274	-0.274	-0.274	-0.205	-0.183
homeodomain_HOXB2_AAAGTAATTAGT	-0.274	-0.081	-0.183	0.025	0.068	-0.28	-0.28	0.068	0.09	-0.183
homeodomain_HOXB3_AAAGTAATTAGT	-0.274	-0.081	-0.183	0.025	0.068	-0.28	-0.28	0.068	0.09	-0.183
homeodomain_HOXB5_CGAATAATACGG	-0.003	-0.037	-0.28	0.182	0.068	-0.28	0.182	0.025	-0.033	-0.136
homeodomain_Hoxc10_GCAATAAAAATT	0.076	0.015	-0.28	0.182	0.068	-0.274	-0.274	-0.274	-0.28	-0.28
homeodomain_HOXC10_CCCATAAAAATT	-0.012	-0.246	0.134	0.182	0.068	-0.274	-0.274	-0.274	-0.28	-0.28
homeodomain_HOXC11_GGTCGTAAAATT	-0.032	-0.013	-0.003	-0.033	0.025	0.068	-0.274	-0.274	-0.28	-0.28
homeodomain_HOXC12_GGTCGTAAAACT	-0.032	-0.013	-0.003	-0.033	0.025	0.068	-0.274	-0.274	-0.205	-0.183
homeodomain_HOXC13_GCTCGTAAAATT	0.017	0.031	-0.003	-0.033	0.025	0.068	-0.274	-0.274	-0.28	-0.28
homeodomain_HOXD11_GGTCGTAAAATT	-0.032	-0.013	-0.003	-0.033	0.025	0.068	-0.274	-0.274	-0.28	-0.28
homeodomain_HOXD12_AAGGTAATAAAA	-0.081	-0.057	-0.032	0.025	0.068	-0.28	0.182	0.068	-0.274	-0.274
homeodomain_Hoxd13_GCTCGTAAAACT	0.017	0.031	-0.003	-0.033	0.025	0.068	-0.274	-0.274	-0.205	-0.183
homeodomain_Hoxd9_CGAATAATACGG	-0.003	-0.037	-0.28	0.182	0.068	-0.28	0.182	0.025	-0.033	-0.136
homeodomain_IRX2_TACATAACATGT	0.025	-0.006	0.134	0.182	0.068	-0.205	-0.006	0.134	0.134	-0.006
homeodomain_IRX5_TACATAACATGT	0.025	-0.006	0.134	0.182	0.068	-0.205	-0.006	0.134	0.134	-0.006
homeodomain_ISL2_ACTCTAATTGCT	-0.183	0.031	0.027	0.09	0.068	-0.28	-0.28	0.015	0.076	0.017
homeodomain_ISX_GCGCTAATTGGT	-0.077	-0.077	0.017	0.09	0.068	-0.28	-0.28	0.015	-0.246	-0.032
homeodomain_LBX2_TAGTTAATTGGG	0.09	-0.183	-0.205	0.068	0.068	-0.28	-0.28	0.015	-0.246	-0.012
homeodomain_LHX2_AGCGTAATTGGT	0.017	-0.077	-0.033	0.025	0.068	-0.28	-0.28	0.015	-0.246	-0.032
homeodomain_Lhx4_CATTTAATCGTT	0.134	-0.28	-0.274	0.068	0.068	-0.28	-0.11	-0.003	-0.033	-0.205
homeodomain_LHX6_CCCCTAATTCCC	-0.012	-0.012	-0.057	0.09	0.068	-0.28	-0.28	-0.037	0.013	-0.012
homeodomain_LHX9_ACGCTAATTGGC	-0.033	-0.077	0.017	0.09	0.068	-0.28	-0.28	0.015	-0.246	0.107
homeodomain_LMX1A_AATTTAATTAAA	-0.28	-0.28	-0.274	0.068	0.068	-0.28	-0.28	0.068	0.068	-0.274
homeodomain_LMX1B_AAACTAATTAAA	-0.274	-0.205	-0.183	0.09	0.068	-0.28	-0.28	0.068	0.068	-0.274
homeodomain_MEOX1_CCCCTAATTACC	-0.012	-0.012	-0.057	0.09	0.068	-0.28	-0.28	0.068	0.025	-0.032
homeodomain_Meox2_ATCATAATCATC	-0.11	0.194	0.134	0.182	0.068	-0.28	-0.11	0.194	0.134	-0.11
homeodomain_MEOX2_AAAGTAATTATG	-0.274	-0.081	-0.183	0.025	0.068	-0.28	-0.28	0.068	0.182	0.134
homeodomain_MIXL1_AACCTAATTAAC	-0.205	-0.032	-0.057	0.09	0.068	-0.28	-0.28	0.068	0.068	-0.205
homeodomain_MSX1_TTTTTAATTGGT	-0.274	-0.274	-0.274	0.068	0.068	-0.28	-0.28	0.015	-0.246	-0.032
homeodomain_MSX2_TTTTTAATTGGT	-0.274	-0.274	-0.274	0.068	0.068	-0.28	-0.28	0.015	-0.246	-0.032
homeodomain_Msx3_CAATTAATTTCC	0.015	-0.28	-0.28	0.068	0.068	-0.28	-0.28	-0.274	-0.037	0.013
homeodomain_NKX2-3_ACGCTAATGGGG	-0.033	-0.077	0.017	0.09	0.068	-0.28	0.134	-0.246	-0.012	-0.012
homeodomain_NKX2-8_CACTTAATGGTG	0.04	-0.183	-0.081	0.068	0.068	-0.28	0.134	-0.246	-0.032	0.04
homeodomain_NKX3-1_CACTTAATGGGA	0.04	-0.183	-0.081	0.068	0.068	-0.28	0.134	-0.246	-0.012	0.013
homeodomain_Nkx3-1_CACTTAATCCAC	0.04	-0.183	-0.081	0.068	0.068	-0.28	-0.11	0.013	-0.246	0.04
homeodomain_NKX3-2_CACTTAATGCAC	0.04	-0.183	-0.081	0.068	0.068	-0.28	0.134	0.076	0.076	0.04
homeodomain_Nkx6-1_AAAATAATGACC	-0.274	-0.274	-0.28	0.182	0.068	-0.28	0.134	0.194	-0.013	-0.032
homeodomain_NKX6-1_CATTTAATGAGG	0.134	-0.28	-0.274	0.068	0.068	-0.28	0.134	0.194	0.031	-0.057
homeodomain_NKX6-2_CATTTAATGAGG	0.134	-0.28	-0.274	0.068	0.068	-0.28	0.134	0.194	0.031	-0.057
homeodomain_NOTO_GACCTAATTTGG	-0.013	-0.032	-0.057	0.09	0.068	-0.28	-0.28	-0.274	0.015	-0.246
homeodomain_Otx1_AAGATAATCCGA	-0.081	0.027	-0.11	0.182	0.068	-0.28	-0.11	0.013	-0.136	-0.003
homeodomain_OTX1_CCCCTAATCCCC	-0.012	-0.012	-0.057	0.09	0.068	-0.28	-0.11	0.013	-0.012	-0.012
homeodomain_OTX2_GAGATAATCCTT	0.031	0.027	-0.11	0.182	0.068	-0.28	-0.11	0.013	-0.057	-0.081
homeodomain_PDX1_GTGTTAATGATA	0.04	-0.006	-0.205	0.068	0.068	-0.28	0.134	0.194	-0.11	0.182
homeodomain_PHOX2A_AACCTAATTAGT	-0.205	-0.032	-0.057	0.09	0.068	-0.28	-0.28	0.068	0.09	-0.183
homeodomain_PHOX2B_AACCTAATTAGT	-0.205	-0.032	-0.057	0.09	0.068	-0.28	-0.28	0.068	0.09	-0.183
homeodomain_PITX1_CCCTTAATCCCC	-0.012	-0.057	-0.081	0.068	0.068	-0.28	-0.11	0.013	-0.012	-0.012
homeodomain_PITX3_CCCTTAATCCCT	-0.012	-0.057	-0.081	0.068	0.068	-0.28	-0.11	0.013	-0.012	-0.057
homeodomain_PROP1_AACCTAATTAAC	-0.205	-0.032	-0.057	0.09	0.068	-0.28	-0.28	0.068	0.068	-0.205
homeodomain_PRRX1_AACTTAATTAGT	-0.205	-0.183	-0.081	0.068	0.068	-0.28	-0.28	0.068	0.09	-0.183
homeodomain_Prrx2_AACTTAATTAGT	-0.205	-0.183	-0.081	0.068	0.068	-0.28	-0.28	0.068	0.09	-0.183
homeodomain_PRRX2_AATCTAATTAGT	-0.28	-0.11	0.027	0.09	0.068	-0.28	-0.28	0.068	0.09	-0.183
homeodomain_RAXL1_CCACTAATTAAA	-0.246	0.04	-0.183	0.09	0.068	-0.28	-0.28	0.068	0.068	-0.274
homeodomain_Rhox11_GCTGTAATGTGT	0.017	0.175	-0.006	0.025	0.068	-0.28	0.134	-0.006	0.04	-0.006
homeodomain_RHOXF1_GGGATAATCCCT	-0.012	0.013	-0.11	0.182	0.068	-0.28	-0.11	0.013	-0.012	-0.057
homeodomain_SHOX_ACGCTAATTGGC	-0.033	-0.077	0.017	0.09	0.068	-0.28	-0.28	0.015	-0.246	0.107
homeodomain_SHOX2_GCGCTAATTGGC	-0.077	-0.077	0.017	0.09	0.068	-0.28	-0.28	0.015	-0.246	0.107
homeodomain_Shox2_GCGCTAATTGGC	-0.077	-0.077	0.017	0.09	0.068	-0.28	-0.28	0.015	-0.246	0.107
homeodomain_UNCX_AATTTAATTAGT	-0.28	-0.28	-0.274	0.068	0.068	-0.28	-0.28	0.068	0.09	-0.183
homeodomain_Uncx_AATTTAATTAGT	-0.28	-0.28	-0.274	0.068	0.068	-0.28	-0.28	0.068	0.09	-0.183
homeodomain_VAX1_AGGGTAATTAGT	-0.057	-0.012	-0.032	0.025	0.068	-0.28	-0.28	0.068	0.09	-0.183
homeodomain_VAX2_ACACTAATTACC	-0.006	0.04	-0.183	0.09	0.068	-0.28	-0.28	0.068	0.025	-0.032
homeodomain_VENTX_ACGCTAATCGTT	-0.033	-0.077	0.017	0.09	0.068	-0.28	-0.11	-0.003	-0.033	-0.205
homeodomain_VSX1_AGGCTAATTAGC	-0.057	0.107	0.017	0.09	0.068	-0.28	-0.28	0.068	0.09	0.017
homeodomain_Vsx1_AACCTAATTAAC	-0.205	-0.032	-0.057	0.09	0.068	-0.28	-0.28	0.068	0.068	-0.205
homeodomain_VSX2_AGGCTAATTAGC	-0.057	0.107	0.017	0.09	0.068	-0.28	-0.28	0.068	0.09	0.017
nuclearreceptor_AR_GGGGGGTCAGGG	-0.012	-0.012	-0.012	-0.012	-0.032	-0.013	0.194	0.175	-0.057	-0.012
nuclearreceptor_ESR1_CCCAGGTCACCG	-0.012	-0.246	0.175	-0.057	-0.032	-0.013	0.194	0.04	-0.032	-0.136
nuclearreceptor_Esrra_TCAAGGTCATTG	0.194	0.015	-0.081	-0.057	-0.032	-0.013	0.194	0.134	-0.28	0.015
nuclearreceptor_ESRRA_TCAAGGTCATTT	0.194	0.015	-0.081	-0.057	-0.032	-0.013	0.194	0.134	-0.28	-0.274
nuclearreceptor_ESRRB_TCAAGGTCATTC	0.194	0.015	-0.081	-0.057	-0.032	-0.013	0.194	0.134	-0.28	-0.037
nuclearreceptor_ESRRG_TCAAGGTCACCT	0.194	0.015	-0.081	-0.057	-0.032	-0.013	0.194	0.04	-0.032	-0.057
nuclearreceptor_Hnf4a_CAAAGGTCAAAG	0.015	-0.274	-0.081	-0.057	-0.032	-0.013	0.194	0.015	-0.274	-0.081
nuclearreceptor_HNF4A_CAAAGGTCAAAG	0.015	-0.274	-0.081	-0.057	-0.032	-0.013	0.194	0.015	-0.274	-0.081
nuclearreceptor_NR2C2_CAAAGGTCAAAG	0.015	-0.274	-0.081	-0.057	-0.032	-0.013	0.194	0.015	-0.274	-0.081
nuclearreceptor_NR2E1_CAAAGGTCAACT	0.015	-0.274	-0.081	-0.057	-0.032	-0.013	0.194	0.015	-0.205	-0.183
nuclearreceptor_Nr2e1_CAAAGGTCAATA	0.015	-0.274	-0.081	-0.057	-0.032	-0.013	0.194	0.015	-0.28	0.182
nuclearreceptor_NR2F1_CAAAGGTCAAAG	0.015	-0.274	-0.081	-0.057	-0.032	-0.013	0.194	0.015	-0.274	-0.081
nuclearreceptor_Nr2f6_GAAAGGTCAAAG	-0.037	-0.274	-0.081	-0.057	-0.032	-0.013	0.194	0.015	-0.274	-0.081
nuclearreceptor_NR2F6_CAAAGGTCAAAG	0.015	-0.274	-0.081	-0.057	-0.032	-0.013	0.194	0.015	-0.274	-0.081
nuclearreceptor_NR4A2_TAAAGGTCAAAT	0.068	-0.274	-0.081	-0.057	-0.032	-0.013	0.194	0.015	-0.274	-0.28
nuclearreceptor_RARA_AAAAGGTCAATT	-0.274	-0.274	-0.081	-0.057	-0.032	-0.013	0.194	0.015	-0.28	-0.28
nuclearreceptor_Rara_AAAAGGTCAAAA	-0.274	-0.274	-0.081	-0.057	-0.032	-0.013	0.194	0.015	-0.274	-0.274
nuclearreceptor_RARB_GGGGGGTCAGGG	-0.012	-0.012	-0.012	-0.012	-0.032	-0.013	0.194	0.175	-0.057	-0.012
nuclearreceptor_Rarb_AAAAGGTCAAAA	-0.274	-0.274	-0.081	-0.057	-0.032	-0.013	0.194	0.015	-0.274	-0.274
nuclearreceptor_Rarg_CAAAGGTCAAAA	0.015	-0.274	-0.081	-0.057	-0.032	-0.013	0.194	0.015	-0.274	-0.274
nuclearreceptor_RARG_AAAAGGTCAATT	-0.274	-0.274	-0.081	-0.057	-0.032	-0.013	0.194	0.015	-0.28	-0.28
nuclearreceptor_RORA_AGTAGGTCAAGT	-0.183	0.025	0.09	-0.057	-0.032	-0.013	0.194	0.015	-0.081	-0.183
nuclearreceptor_RXRA_CAAAGGTCAAAG	0.015	-0.274	-0.081	-0.057	-0.032	-0.013	0.194	0.015	-0.274	-0.081
nuclearreceptor_RXRB_CAAAGGTCATGC	0.015	-0.274	-0.081	-0.057	-0.032	-0.013	0.194	0.134	0.134	0.076
nuclearreceptor_RXRG_CAAAGGTCAAAG	0.015	-0.274	-0.081	-0.057	-0.032	-0.013	0.194	0.015	-0.274	-0.081
nuclearreceptor_THRB_ATAAGGTCACGC	0.182	0.068	-0.081	-0.057	-0.032	-0.013	0.194	0.04	-0.033	-0.077
nuclearreceptor_VDR_ATGAGGTCATTG	0.134	0.194	0.031	-0.057	-0.032	-0.013	0.194	0.134	-0.28	0.015
POU_POU1F1_ATGAATATTAAT	0.134	0.194	-0.037	-0.28	0.182	0.182	-0.28	0.068	0.068	-0.28
POU_POU2F1_ATATGCAAATTA	0.182	0.182	0.134	0.076	0.076	0.015	-0.274	-0.28	-0.28	0.068
POU_Pou2f2_ATATGCAAATTA	0.182	0.182	0.134	0.076	0.076	0.015	-0.274	-0.28	-0.28	0.068
POU_POU2F2_ATATGCAAATTA	0.182	0.182	0.134	0.076	0.076	0.015	-0.274	-0.28	-0.28	0.068
POU_POU2F3_ATATGCAAATTT	0.182	0.182	0.134	0.076	0.076	0.015	-0.274	-0.28	-0.28	-0.274
POU_POU3F1_TTATGCAAATTA	0.068	0.182	0.134	0.076	0.076	0.015	-0.274	-0.28	-0.28	0.068
POU_POU3F3_TTATGCAAATTT	0.068	0.182	0.134	0.076	0.076	0.015	-0.274	-0.28	-0.28	-0.274
POU_POU3F4_ATATGCAAATTA	0.182	0.182	0.134	0.076	0.076	0.015	-0.274	-0.28	-0.28	0.068
POU_POU4F1_TCATGCATTATT	0.194	0.134	0.134	0.076	0.076	0.134	-0.28	0.068	0.182	-0.28
POU_POU4F2_TCATGCATTATT	0.194	0.134	0.134	0.076	0.076	0.134	-0.28	0.068	0.182	-0.28
POU_POU4F3_TCATGCATTATT	0.194	0.134	0.134	0.076	0.076	0.134	-0.28	0.068	0.182	-0.28
POU_POU5F1P1_ATATGCAAATTA	0.182	0.182	0.134	0.076	0.076	0.015	-0.274	-0.28	-0.28	0.068
POU_POU6F2_TAATGTAATTAA	0.068	-0.28	0.134	-0.006	0.025	0.068	-0.28	-0.28	0.068	0.068
TBX_EOMES_TTTCACACCTTT	-0.274	-0.037	0.194	0.04	-0.006	0.04	-0.032	-0.057	-0.081	-0.274
TBX_MGA_TTTCACACCTCT	-0.274	-0.037	0.194	0.04	-0.006	0.04	-0.032	-0.057	0.031	0.027
TBX_T_AGAAACACCTGT	0.027	-0.037	-0.274	-0.205	-0.006	0.04	-0.032	-0.057	0.175	-0.006
TBX_TBR1_TTTCACACCTTT	-0.274	-0.037	0.194	0.04	-0.006	0.04	-0.032	-0.057	-0.081	-0.274
TBX_TBX1_GCCCACCCCTGC	0.107	-0.012	-0.246	0.04	-0.032	-0.012	-0.012	-0.057	0.175	0.076
TBX_TBX15_TTTCACACCTTT	-0.274	-0.037	0.194	0.04	-0.006	0.04	-0.032	-0.057	-0.081	-0.274
TBX_TBX19_TTTCACACCTAG	-0.274	-0.037	0.194	0.04	-0.006	0.04	-0.032	-0.057	0.09	0.09
TBX_TBX2_TTTCACACCTTT	-0.274	-0.037	0.194	0.04	-0.006	0.04	-0.032	-0.057	-0.081	-0.274
TBX_TBX20_TTTCACACCTTC	-0.274	-0.037	0.194	0.04	-0.006	0.04	-0.032	-0.057	-0.081	-0.037
TBX_TBX21_TTTCACACCTTT	-0.274	-0.037	0.194	0.04	-0.006	0.04	-0.032	-0.057	-0.081	-0.274
TBX_TBX4_TTTCACACCTTT	-0.274	-0.037	0.194	0.04	-0.006	0.04	-0.032	-0.057	-0.081	-0.274
TBX_TBX5_TATCACACCTTA	0.182	-0.11	0.194	0.04	-0.006	0.04	-0.032	-0.057	-0.081	0.068
